惜しい,ふぐは食いたし命は惜しい :Nếu ăn cá nóc là dễ nghẻo lắm đấy.,逃すには惜しい絶好のチャンスである :Những gì đã bỏ lỡ là những cơ hội vô cùng quí giá,大変惜しい人を失う :Mất đi người vô cùng yêu quí
怪しい,父親は怪しい手つきで赤ん坊を抱いていた。: Ông bố bế đứa bé bằng điệu bộ vụng về.,あの男が怪しい。: Gã đó rất đáng ngờ.,あの二人の仲はどうも怪しい。: Quan hệ giữa hai người đó rất không bình thường.,そのニュースの出所は怪しい。: Nguồn của thông tin này rất khó tin.
嬉しい,お越し頂いてとても嬉しいわ。: Tôi rất vui vì anh đã đến chơi.,もし君がパーティーに来てくれれば彼は嬉しいだろうと思うよ。: Nếu bạn đến chắc là anh ta vui lắm.,京子が僕のプロポーズを受けてくれた時はほんとに嬉しかった。: Tôi rất hạnh phúc khi Kyoko nhận lời cầu hôn.,少しでもあなたのお役に立てば嬉しく思います。: Tôi rất vinh hạnh được phục vụ ôn
可笑しい,あいつは頭がおかしい: anh ta thật kỳ quặc (hâm),それはおかしい: điều đó thật nực cười,うそー！おかしいー！: nói điêu ! thật phi lý!,自分で言うのはおかしいが、我ながらよくやったと思う: dù tự nói một mình là rất buồn cười nhưng tôi vẫn hay làm điều đó
悲しい,悲しい気持ち: tâm trạng đau thương
厳しい
悔しい,あんなやつにばかにされて悔しい: Bị những thằng như nó qua mặt thật là tức chết đi được.
苦しい,息が　～: khó thở、 thở gấp
詳しい
険しい,彼は険しい顔をしていた: anh ta làm bộ mặt nghiêm khắc,険しい顔つきで～を見る: nhìn cái gì bằng bộ mặt nghiêm khắc (khắt khe),（人との）険しい競争: cuộc cạnh tranh gay gắt với ai,成功への道はいつも険しい: con đường dẫn đến thành công lúc nào cũng dốc (gập ghềnh),険しいいばらの道: con đường ghồ ghề và dựng đứng,険しいがけを登る: trèo lên mỏm đá dựng đứng
恋しい,故郷が恋しい: quê hương yêu dấu,故郷にいる家族が恋しい: gia đình thương nhớ nơi quê hương
寂しい,寂しい村: bản làng hẻo lánh,話相手もなくて寂しい: không có người nói chuyện cảm thấy cô đơn,タバコが切れて口が寂しい: hết thuốc lá、 miệng nhạt nhẽo
親しい
涼しい,ちょうど良く涼しい: trời đẹp và mát mẻ,涼しい陰を作ってくれる木: cây cho bóng mát,心地良く涼しい: bình tĩnh、 không hề nao núng
正しい,ある意味ではあなたの言っていることは正しい :Về mặt ý nghĩa thì những điều bạn nói đều chính xác,君が言ったことは、ある程度までは正しい :Những điều bạn vừa nói đúng ở 1 mức nào đó
楽しい,楽しい人: con người vui tính
激しい
等しい,すべてを否認することはすべてを告白することに等しい :Từ chối tất cả là công nhận tất cả,悪妻は生涯にわたる飢饉に等しい :Có một người vợ tồi thì coi như là chết đói chết khát cả đời.
貧しい,知識が貧しい :kiến thức ít/ nghèo tri thức,辛抱強い性格は子供の頃の貧しい生活の中から作り上げられたのだ. :Tính ương ngạnh lì lợm của anh ta là sản phẩm của sự nghèo khổ mà anh ta đã từng nếm trải từ thuở ấu thơ.
眩しい,笑顔がまぶしい: khuôn mặt cười rạng rỡ,"ヤシの木を見るといつも、暑く太陽のまぶしい休日を思い出す: mỗi lần nhìn thấy cây cọ、 tôi lại nhớ đến những ngày nghỉ tràn ngập ánh mặt trời rực rỡ, ấm áp."
優しい,Ghi chú: từ này thường để nói về đàn ông
易しい,（人）のために易しい英語で説明する :giải thích cho ai bằng tiếng Anh đơn giản để ~,～を易しい英語に訳す :dịch sang tiếng Anh đơn giản、 dễ hiểu
新しい,今年の夏の目玉商品は新しいCD-ROMだが、ライバル会社にとっては目障りな存在である。 :Loại hàng bắt mắt trong mùa hè năm nay là loại CD-ROM mới nhưng nó lại là vật chướng mắt đối với công ty cạnh tranh.,新しいOSの売れ行きは好調だが旧式のシステムがまだ多数出回っている。 :mặc dù hệ điều hành mới bán rất chạy nhưng hệ điều hành
勇ましい,勇ましい行為: hành động dũng cảm
忙しい,最近とても忙しい: dạo này rất bận rộn,家事に忙しい: bận rộn việc nhà cửa
恐ろしい,恐ろしい事件が次々と起きた。: Những sự kiện kinh khủng cứ nối tiếp nhau xảy ra.,私は高い所が恐ろしい。: Tôi sợ những chỗ ở trên cao.
大人しい,その犬は、よその犬に襲われるとおとなしい態度を取った: con chó này khi bị con khác tấn công liền trở nên ngoan ngoãn、 hiền lành ngay,おとなしい動物: con vật dễ bảo,そのおとなしい馬を馬小屋の方へ連れていく: dẫn con ngựa ngoan ngoãn đó vào chuồng,おとなしいお嬢さん: một cô gái dịu dàng,おとなしいアメリカ人 : người Mỹ trầm lặng,おとなしいライオン: con sư tử hiền lành,おとなしいハト: con bồ câu dịu dàng,おとなしい服を着ている: mặc quần áo màu dịu
騒がしい,子供達は騒がしいです: bọn trẻ thật là ồn ào
頼もしい,頼もしい人: người đáng tin cậy,頼もしい声: giọng nói thuyết phục
懐かしい
恥ずかしい,会社を替わるということはもはや恥ずかしいことではない。 :không phải áy náy/ngượng ngùng vì việc thay đổi công việc quá nhiều lần
難しい,その試験に合格するのは極めて［非常に］難しい: đỗ được kỳ thi đó rất khó；このテストは私には難しい: bài kiểm tra này rất khó đối với tôi,どんなことでも楽にできるようになるまでは難しい: vạn sự khởi đầu nan,難しい本 : một quyển sách khó
珍しい,今時テレビもラジオもない家とは珍しい。: Bây giờ hiếm có nhà nào không có cả tivi và radio.
喧しい,手続きは～: thủ tục phiền hà
厚かましい,それでも、こんなに厚かましいお願いをしてしまってごめんなさい: dẫu vậy、 tôi vẫn muốn xin lỗi bạn vì làm điều không biết ngượng như thế,厚かましい依頼: lời đề nghị đáng xấu hổ,厚かましい手紙: một bức thư đáng xấu hổ
慌しい
羨ましい,うらやましい！これからは、あらゆる種類の楽しい番組が見られるようになるのね: Thích thế! Thế là từ bây giờ anh có thể xem tất cả các chương trình hay rồi nhỉ,どこで見つけたんだよ！うらやましいなあ！: AAnh đã gặp cô ấy ở đâu đấy? Tôi thèm được như anh quá,そんなくだらない本に夢中になれるなんて、うらやましいね: Tôi phát ghen với anh đấy、 t
かわいらしい,あの、タマ子先生を演じた女の人も良かったわ。すごくかわいらしいって思っちゃった: Tôi thích cô gái xinh đẹp thủ vai cô giáo Tamako. Trông cô ấy thật đáng yêu,彼女は、かわいらしい顔をしてみせた: Cô ấy xuất hiện với một gương mặt đáng yêu.
憎らしい,"「あの子が本当に、本当に憎らしい時があるの！」「2歳って本当大変なのよね。うちの息子が2歳のときは、もう完全にお手上げだったわね」 :""Đôi lúc tôi thực sự ghét thằng con trai tôi "" ""Mới có 2 tuổi như con bạn thì thật là vất vả nhỉ、 như thằng bé nhà tớ lúc 2 tuổi tớ có kiểm soát được nó đâu""",憎らしい振る舞いをする :Hành động ghê tởm
図々しい
騒々しい,騒々しい生徒たちは先生をへとへとに疲れさせた :Học sinh ồn ào làm thầy giáo mệt mỏi.,騒々しい参加者はイベントから追い出される :Những người tham gia sôi nổi thì bị đẩy ra khỏi sự kiện.
そそっかしい,～性格：　tính tình hấp tấp,あの人はそそっかしいで買い物へ行く時、よく財布を忘れてしまうそうだ。,Người kia khi đi mua sắm do tính tình hấp tấp thường xuyên quên ví.
馬鹿らしい
甚だしい,甚だしい暑さ ( 寒さ ): nóng ( lạnh ) kinh khủng
若々しい,私の祖父は80歳だが、すごく若々しい。 :ông tôi đã 80 nhưng rất trẻ trung,彼の仕事の特徴を一つ挙げるとすれば、それはあの若々しい活力だろう。 :Nếu nói đến đặc trưng công việc của anh ta thì có thể nói là hoạt động sôi nổi trẻ trung.
疑わしい,疑わしい人物 : một con người đáng ngờ,彼が音楽家として大成するかどうか疑わしい。: Tôi nghi ngờ liệu anh ta có thể trở thành một nhạc sĩ thành công hay không.,その噂は疑わしいと思う。: Tôi thấy lời đồn đó có vẻ đáng ngờ.
煩わしい,煩わしい手続き: thủ tục phiền toái,雨の日に出かけるのは煩わしいことだ: ngày mưa phải ra ngoài thật là chán ngắt
紛らわしい,こたえは紛らわしいだ: câu trả lời không rõ ràng
悔しい,あんなやつにばかにされて悔しい: Bị những thằng như nó qua mặt thật là tức chết đi được.
恨めしい,彼女は何も言わなかったが，恨めしい目つきで私を見た。: Cô ta không nói gì cả mà nhìn tôi một cách căm tức.,彼に反対できなかった自分が恨めしい。: Không thể phản đối lại ông ta、 tôi cảm thấy rất hận.
懐かしい
嘆かわしい,老人に席を譲らない若者が増えたのは嘆かわしい。: Thật đáng than thở là ngày càng nhiều thanh niên không nhường chỗ cho người già.
狂おしい
貧しい,知識が貧しい :kiến thức ít/ nghèo tri thức,辛抱強い性格は子供の頃の貧しい生活の中から作り上げられたのだ. :Tính ương ngạnh lì lợm của anh ta là sản phẩm của sự nghèo khổ mà anh ta đã từng nếm trải từ thuở ấu thơ.
乏しい
甚だしい,甚だしい暑さ ( 寒さ ): nóng ( lạnh ) kinh khủng
悩ましい
卑しい,卑しい言葉: lời nói đáng khinh bỉ
慎ましい
久しい,～　以前から: đã từ lâu lắm trước kia
空しい,日を～く過ごす: sống những ngày tháng trống rỗng
見苦しい,～　振舞い：　điệu bộ khó coi
相応しい,彼は青年にふさわしく率直に意見を述べた. :Anh ấy nói thẳng thắn suy nghĩ của mình đúng là 1 thanh niên trẻ,さすがに彼は武士にふさわしい死に方をした. :Ông ấy chết đúng như 1 võ sĩ đạo thực thụ
逞しい,たくましい想像力: trí tưởng tượng phong phú,たくましい胸: lồng ngực vạm vỡ,たくましい体: cơ thể cường tráng
芳しい,芳しい花: hoa thơm,芳しいにおいがする: có mùi thơm
麗しい,花も恥じらう麗しい乙女: người con gái đẹp đến mức hoa nhường nguyệt thẹn
恭しい,恭しい態度: Thái độ cung kính,恭しく一礼をする: Một cái vái cung kính
浅ましい
夥しい
みすぼらしい
好ましい,～　青年：　người thanh niên dễ mến
目覚しい
馴れ馴れしい,なれなれしい態度: thái độ suồng sã,あの人とはあまりなれなれしくしないほうがいい.:Tốt hơn là nên giữ khoảng cách với anh ta,なれなれしく近付いてくるよその人には用心するように子供には言ってある.:Tôi muốn cảnh báo với những đứa trẻ về sự tiếp cận quá thân mật của một người lạ
汚らわしい,～　ことを言うな。: Đừng có nói những lời lẽ bậy bạ!
望ましい,現金で支払うのが望ましい :Việc trả bằng tiền mặt được ưa chuộng hơn.,最低でも平均＿点を維持することが望ましい :Mong muốn duy trì điểm _trung bình với mức thấp nhất.
待ち遠しい,おまえたち二人が結婚するのが待ち遠しい :Mẹ rất nóng lòng chờ ngày hai đứa con kết hôn.,夏の暑さが過ぎるのが待ち遠しいよ。:Tớ rất mong cho cái nóng của mùa hè sớm qua đi
うっとうしい ,自分がどんなにうっとうしいか分かってるの？: cậu có biết trông cậu buồn rầu đến mức nào không?,うっとうしい雨: mưa buồn,うっとうしい感情: cảm giác u sầu,ついてこないで。うっとうしいよ！: đừng đi theo tao、 mày luôn đem đến sự xúi quẩy
濃い,濃い青いセーター: áo len xanh thẫm,髪の毛が濃い: tóc dầy,濃いお酒: rượu nặng,二人は濃い仲だ: quan hệ giữa hai người rất gắn bó
薄い,氷が薄くはった: đóng băng mỏng,この料理の味が薄いすぎる: thức ăn này rất nhạt,このインキは色がうすいだ: loại mực này rất nhạt
厚い,～　本：　cuốn sách dày
浅い,君はまだ経験が浅い。: cậu vẫn còn non nớt、 ít kinh nghiệm lắm,この会社で働き始めてからまだ日が浅い: tôi làm công ty này được một thời gian chưa lâu,底の浅い(議論などが): lý luận nông cạn,（人）とは付き合いが浅い: ít giao tiếp với ai đó,この分野でのわれわれの歴史は浅い: trong lĩnh vực chúng tôi có rất ít kinh nghiệm
深い,彼はあの女と深い仲だ: anh ta và cô gái ở đằng kia rất thân thiết với nhau,深い考え: suy nghĩ sâu sắc,深い森: rừng sâu,深い雪: tuyết dày
暑い,今ごろの天気にしては異常に暑い :So với thời tiết hàng năm thì bây giờ nóng khác thường.,摂氏＿度に及ぶ気温で焼けつくほど暑い :Với nhiệt độ nóng như thế này thì cháy da mất
寒い
熱い,熱い1杯のコーヒーで頭がすっきりした: 1 tách cà phê nóng làm đầu óc tôi thoải mái,熱い料理(食べ物)を冷凍庫に入れてはいけない: không được để thức ăn nóng trong tủ lạnh,スープを熱いうちに食べる: ăn súp trong khi còn nóng,うわ、熱い！お風呂沸かし過ぎだよ: Ôi、 nóng quá! Nước trong bồn tắm quá nóng,熱い涙を流れた: chảy những g
緩い,～かゆ: cháo loãng,管理は～ : quản lý lỏng lẻo
荒い,今日は波が荒い。: Hôm nay sóng dữ dội.,彼は部下の使い方が荒い。: Cách sử dụng nhân viên dưới quyền của ông ta thô bạo.,男は息づかいが荒かった。: Người đàn ông thở gấp.,息子は金遣いが荒くて困る。: Tôi rất khó chịu về việc con trai tôi tiêu tiền như phá ( tiêu tiền hết nhanh).
美味い
偉い,有名で偉い: nổi tiếng và vĩ đại,そこが君の偉いところだ: đó chính là điều tuyệt vời của anh,偉いなあ: giỏi thế !,いい子ね。偉いわ。さ、食べてらっしゃい！: con ngoan ! Con giỏi lắm! Nào、 ăn đi con !,偉い人: người vĩ đại,偉い人ほど頭が低い: người càng vĩ đại lại càng khiêm tốn
遅い,父は毎晩帰りが遅い。: Bố tôi tối nào cũng về muộn.,彼は英語の進歩が遅い。: Anh ta tiến bộ rất chậm trong việc học tiếng Anh.
早い,自分の役のすべてを理解するのがとても早い :nhanh chóng hiểu được toàn bộ vai trò của bản thân,早いほどいい:càng nhanh càng tốt
速い,早いですね: nhanh ghê
長い,キリンは首が長い。: Hươu cao cổ có cái cổ dài.,私は長い間彼女を待った。: Tôi đã đợi cô ấy trong một thời gian dài.
短い,この浴衣、僕に少し短すぎる。: Chiếc áo yukata này hơi ngắn so với tôi.
重い
軽い,簡単に持ち運べるほど小さくて軽い: Nhỏ và nhẹ đến nỗi có thể nhấc lên một cách dễ dàng,羽のように軽い: Nhẹ như lông vũ,軽い〔罪などが〕: tội nhẹ
硬い,セメントは乾燥して硬くなる。: Ximăng khi khô sẽ cứng lại.,"ママ，この豚肉硬くて食べられないよ。: Mẹ ơi、 miếng thịt lợn này cứng quá, con không ăn được."
痒い,蚊に刺されたところが痒い: chỗ bị muỗi đốt phát ngứa,痒いからといってかいちゃ駄目。余計ひどくなるから :Khi ngứa、 bạn không được gãi. Vì nếu bạn gãi nó sẽ càng trở nên xấu hơn,痒いところはありませんか？ :Có chỗ nào ngứa không?
辛い,舌を焼くような辛い味 :Vị cay nồng đến bỏng lưỡi.,辛いチリ・ペパー :Hạt tiêu đỏ cay.
塩辛い,塩辛い漬物は雨水で作ったご飯と食べるのが最高だ: Món dưa muối mặn và cay rất ngon khi ăn với cơm được nấu bằng nước mưa.
苦い,恋は、始まりは甘美だが、終わりは苦い: Trong tình yêu khởi đầu là sự ngọt ngào và kết thúc là sự cay đắng,苦しみは苦いが、その果実は甘い: Sự khổ cực rất cay đắng nhưng kết quả ngọt ngào,（～に対して）苦い顔をする: Biểu hiện bộ mặt cay đắng đối với~,～から苦い教訓を得る: Nhận được bài học cay đắng từ ~
甘い,私の家族は皆甘いものが好きだ。: Mọi người trong gia đình tôi đều thích đồ ngọt.,甘い言葉に気とつけてよ。: Hãy cẩn thận với những lời nói ngọt ngào.,彼は若い女の子に甘い。: Ông ta rất ngọt ngào với các cô gái trẻ.,世の中そんなに甘くないよ。: Cuộc đời không ngọt ngào (dễ dàng、 tử tế) như vậy đâu.,私の判断は甘かった。: Những lời phê phán của tôi không hề dễ chịu,甘い汁を吸った: húp phần canh ngọt ( chọn lấy phần tốt nhất)
酸っぱい,美には青々とした葉があるかもしれないが、その果実は酸っぱい。 :Lá xanh kể ra cũng đẹp nhưng quả của nó lại chua,このリンゴはとても酸っぱいので、アップルパイにするとよい :Những quả táo này rất chua、 vì vậy nên dùng để làm bánh
渋い
鋭い,背中にまだ　～　痛みがあった。: Lưng vẫn còn đau nhói.
きつい,きつい条件：　điều kiện khó khăn、 chặt chẽ quá,この靴が～。：　Đôi giày này chật.,このごろ少し太ったせか、スボンがきつくなった。,Phải chăng gần đây tôi hơi mập quần trở nên chật.,きつい性格：　tính tình nghiêm khắc
温い,コーヒーは温くなってしまった。: Cà phê nguội mất rồi.
清い,清い心は最高の教理。 :một trái tim trong trắng là giáo lý cao nhất.,清い心は鎧のようなもの。 :có một trái tim trong trắng cũng giống như sở hữu một chiếc áo giáp chắc chắn.,清い心は根も葉もない非難を恐れない。 :cây ngay không sợ chết đứng./Một lương tâm trong sạch sẽ không sợ những lời cáo buộc vô căn cứ.,清い心は柔らかい枕になる。 :một trái tim trong sáng sẽ như một chiếc gối mềm êm ái.
臭い
暗い,画面が暗い: màn hình tối,法律に暗い: đen tối về luật pháp,暗いうちに目覚める: tỉnh giấc trong khi trời tối,暗いところでも目が効く: mắt vẫn nhìn thấy ở cả nơi tối
煙い,隣の人のタバコが煙い: điếu thuốc lá của người bên cạnh nhả khói mù mịt
凄い,そのレストランの料理はすごいごちそうだった. :Đồ ăn trong khách sạn rất tuyệt vời,彼はおじからすごい額のお金を相続した. :Anh ta được hưởng 1 khoản tiền lớn từ chú anh ta,あれはすごい事故だった. :Đó là 1 tai nạn khủng khiếp
狭い
広い
低い,僕の車は車体が低い。: Cái xe của tôi có thân xe thấp.,低い声で話す: Nói chuyện với một giọng thấp,彼はまだ会社での地位が低い。: Vị trí của anh ta ở công ty vẫn còn thấp.
安い,ABC社の運賃が我々よりかなり安いことを知って、がっかりした次第です :Chúng tôi thất vọng khi nhận ra rằng giá cước vận tải của công ty ABC thấp hơn nhiều so với giá của chúng tôi.,プラス面としては、古いホテルというのは安いし、中心部にある :Phải công nhận rằng khách sạn cũ đó rẻ và gần trung tâm
高い
近い,私に近い6人の他人:  Cạnh tôi còn có 6 người khác nữa,わが家は駅に近い:  Nhà của chúng tôi ngay cạnh  nhà ga,彼の意見は、開発業者というよりは、環境保全活動家の考え方に近い:  Ý kiến của anh ấy gần với cách suy nghĩ của các nhà hoạt động môi trường hơn là các nhà phát triển,彼は、小説を書き始めて20年近い:  Anh ấy,その仕事は経営管理職に近い: Công việc đó gần như là công việc kinh doanh quản ký,哀れみの心は愛情に近い: Một tấm lòng thương cảm tương tự  như tình yêu thương,この映画は、ポルノ映画に限りなく近い: Bộ phim này không giống như bộ phim vệ sĩ,ほとんど～に近い: Hầu hết là giống~.,より車に近い: Tôi thấy thân thiết hơn với chiếc xe đó
遠い,耳が　～: nghễnh ngãng
強い,風の強い3月と雨の多い4月は、素晴らしい5月をもたらしてくれる:  Những cơn gió mạnh của tháng 3 và có nhiều mưa vào tháng 4 đã đem lại cho  tháng 5  những ngày tuyệt đẹp,母の愛は、いつまでも強い:  Tình yêu của mẹ luôn bền vững theo thời gian.
弱い,弱い靴下: bít tất không bền,船に弱い: say sóng (khi đi tàu biển),外国との競争に弱い〔産業などが〕 :không gay gắt trong cuộc cạnh tranh với nước ngoài,弱いお酒: rượu nhẹ,英語が弱い: không thạo tiếng anh,その病気の伝染力は弱い :Dịch bệnh lan truyền rất yếu,彼は憶病者だ。／彼は気が弱い。 :Nó nhát như thỏ đế.,独創的なアイデアを取り上げるという面では、日本のビジネスは弱い。 :Các ý tưởng sáng tạo không được coi trọng trong kinh doanh Nhật Bản,スペルに非常に弱い :yếu trong đánh vần
くどい,くどいにおい: nặng mùi,くどいぞ: hãy chú ý đến hơi thở!,くどいようですが、それでは 7 時に必ず来て下さい.:Xin lỗi vì đã nói dai nhưng xin hãy đến lúc 7 giờ,説明はくどくならないように気をつけなさい. :Xin hãy để ý đừng để cho lời giải thích dài dòng quá,Ghi chú: nhũng nhiễu bằng những lời nài nỉ,くどいスピーチ: bài diễn văn lặp đi lặp lại,くどい小言: những lời rao giảng dài dòng (lặp đi lặp lại đến buồn tẻ),くどいほど～する: làm việc gì đến mức dài dòng,くどいほどの弁明: sự biện minh dài dòng,くどいスピーチ: bài phát biểu dài dòng
ずるい,そんなのフェアじゃない。／ずるい。／不公,キツネのようにずるい: ranh như cáo,何もずるいことをするな。: đừng có mà ranh mãnh.
憎い,夫と兄を奪ったあの戦争が憎い.:Tôi cảm thấy căm ghét cuộc chiến tranh đã cướp đi người chồng và anh trai tôi.,坊主憎けりゃ袈裟まで憎い :Ghét nhà sư thì ghét cả áo cà sa (=Yêu người yêu cả đường đi/ Ghét người ghét cả tông chi họ hàng.)
鈍い,頭の働きが鈍い: đầu óc đần độn
醜い
辛い,車なしの生活は辛いんだよ:Cuộc sống mà không có ô tô thì thật là khổ sở.,僕はつらい立場にある. :Tôi đang trong tình thế rất khổ sở.,咋日は辛かった: hôm qua là một ngày khó khăn,辛い悲しみを何とか乗り越える力を得る :Tìm ra sức mạnh để vượt qua hoàn cảnh khắc nghiệt,～に関し辛い決断を行う :Đưa ra một quyết định hà khắc về việc ~,かれらに別れるのが辛かった: tôi đau xé ruột khi phải chia tay với họ
面白い,彼の言い方が面白い: cách nói chuyện của anh ấy rất thú vị,とても面白い質問ですね: thật là một câu hỏi hay,このゲームは面白いだけでなく教育的だ: trò chơi này không những hay mà còn mang tính giáo dục
鈍い,君は反射神経が鈍い。 :Phản ứng của bạn rất chậm chạp,動きが鈍い官僚的な巨大複合企業 :doanh nghiệp to lớn nhưng quan liêu、 chậm chạp
賢い,いつでも賢い: lúc nào cũng thông minh、 khôn khéo,彼は年の割には賢い: cậu bé khôn trước tuổi,彼の説では、その生徒がどのくらい賢いかは授業を始めてみないと分からないという: anh ta cho rằng không thể đánh giá mức độ thông minh của sinh viên nếu không dậy thử
ひどい,NEED TO REVIEW
太い,ヴァージニアの甘いもの好きは、彼女の太いウエストの原因を物語っている :Virginia rất thích ăn đồ ngọt、 điều đó giải thích cho cái eo to của cô ta.,私たちは、その工事計画のために1本の太いケーブルを必要としています :Chúng tôi cần một sợi dây cáp to cho dự án xây dựng đó.
細い
まずい
丸い
若い,彼女は、あなたが思っているより若い :Cô ấy non nớt hơn anh nghĩ,その子は家族の中で一番若い :Đứa trẻ này là con út trong gia đình,まだ若いうちに両親をなくす :anh ấy mồ côi cha mẹ khi còn nhỏ,Lưu ý: cách nói dùng khi diễn đạt về số nhỏ、 số lớn,若いうちに経験を積む :tích luỹ kinh nghiệm khi còn trẻ,仕事をした後で天国へ行きたければ、法の世界に入るには年を取ってからにし、僧侶になるには若いうちが良い。 :Người ta phải già đời khi đến tòa án、 phải ngây thơ khi đến tu viện thế mới dễ lên Thiên Đường.
眠い,眠くてたまらぬ: buồn ngủ lắm rồi
危うい,私たちは危ういところで助かった。: Chúng tôi được cứu thoát một cách hút chết.
うるさい,世間の口は売るさい: miệng lưỡi thế gian thật là phiền phức (lắm điều),煩いからラジオをきって下さい: ồn ào quá hãy tắt đài đi,なんて煩い蠅だろう: con ruồi đáng ghét
青白い,"青白い月なら雨になり赤い月なら風が吹き白い月だと雨も雪も降らない。 :Trăng mờ thì trời mưa、 trăng đỏ thì trời  gió, trăng sáng trắng thì trời không mưa cũng không tuyết.",彼の金髪の巻き毛と青白い肌は、とても日本人には見えない。 :Lọn tóc vàng với da mặt xanh xao、 trông anh ta không giống người Nhật chút nào.
薄暗い,この部屋は薄暗いだ: căn phòng này không được sáng lắm
蒸し暑い
物凄い,物凄い光景: quang cảnh gây kinh ngạc、 quang cảnh làm choáng váng
力強い,世界に対し力強いメッセージを送る: gửi thông điệp có sức mạnh lớn đến toàn thế giới.
面倒くさい
穏やかな
朗らかな
なだらかな
爽やかな
厄介な
惨めな
哀れな
我がまま
危ない,彼は危ない。: Ông ấy nguy lắm rồi.,医者は娘が危ない状態を脱したといった。: Bác sĩ nói rằng con gái tôi đã thoát ra khỏi tình trạng nguy hiểm.,流れの急な川で泳ぐのは危ない。: Sẽ rất nguy hiểm nếu bơi trên dòng sông nước chảy xiết.,Ghi chú: cách nói về tính mạng,フランス語の最終試験にパスできるかどうか危ない。: Không hiểu tôi có qua được bài thi cuối kỳ môn tiếng Pháp không.,あのセールスマンの約束は危ない。: Lời hứa của tay nhân viên bán hàng đó không đáng tin chút nào.
いけない,嘘を言っては～。：Không được nói dối.,それは～事だ。：Đấy là việc không được làm.
幼い,このゲームは幼い子供にもできる: trò chơi này trẻ con cũng có thể chơi được
少ない,このクラスは学生が～。: lớp học này ít học sinh
済まない
下らない,～　冗談: trò đùa vô vị
仕方がない,今さらイライラしても仕方がない。 :Sốt ruột cũng không có cách nào khác,10年から15年もたてば何でも時代遅れに見えるのは仕方がないことだ :Việc ta có thể nhìn thấy bất cứ cái gì cũng lạc hậu đến 1 hoặc 15 năm là không còn cách nào khác
堪らない,値段が高くて　～: giá cao không chịu được,嬉しくて　～: vui mừng khôn xiết
だらしない,～生活：　cách sinh hoạt bừa bộn；～服：　quần áo lôi thôi
違いない,あのあばずれ女が気の弱いうちの主人を誘惑したに違いない。 :Chắc hẳn mụ đàn bà đĩ thõa kia đã quyến rũ chồng tôi.,お、彼女見たことないな。新人に違いない。 :Này tôi không nhận ra cô ta、 chắc hẳn cô ta là người mới
つまらない
とんでもない,～話：　câu chuyện vớ vẩn,お礼なんて～：　không cần phải cảm ơn hậu tạ gì cả,「待たせたな」「とんでもない，僕も今来たところだ」 :,"""Xin lỗi vì đã để anh phải chờ"" ""Không có chuyện đó đâu、 tôi cũng bây giờ mới đang tới thôi""",とんでもない値段：　mức giá quá mức/giá cao cắt cổ,とんでもない要求 : Yêu cầu quá đáng,とんでもない人にばったり出会う: Tôi bất ngờ gặp người mà mình không ngờ tới.,とんでもない、私は無関係だ : Làm gì có chuyện đó、 tôi hoàn toàn vô can.,彼に助けを求めるなんてとんでもない : Nhờ anh ta giúp đỡ hả ? làm gì có đó.
みっともない
もったいない,そんなに親切にして頂いては勿体ない: tôi không xứng đáng nhận được nhận một sự tốt bụng như thế,あんなやつに金をやるのは勿体ない: cho tiền một thằng như thế thì thật là lãng phí
やむをえない,NEED TO REVIEW
思いがけない,途中までいくと思いがけなく雨にあいました:chẳng ngờ đi tới nửa đường thì trời mưa
申し訳ない,自分だけが生き残って死んだ人に申し訳ないという気持ち :Cảm giác tội lỗi của người sống đối với người đã chết.,（人）に迷惑を掛けて申し訳ないと思う :Cảm thấy không thể tha thứ được khi làm phiền đến ai đó.
申し分ない
ありがたい,NEED TO REVIEW
おめでたい,NEED TO REVIEW
重たい,気分が～。: trong lòng không vui
冷たい
細かい,彼女はとても神経が細かい。: Cô ấy rất nhạy cảm.,彼は金銭に細かい。: Anh ta rất chi li về tiền nong.,細かいことはさておいて大筋を決めておこう。: Hãy để những việc chi tiết vào hôm khác、 còn hôm nay chỉ quyết định vấn đề chính thôi.,あいにく細かいお金の持ち合わせがありません。: Không may là tôi không mang theo tiền lẻ.,細かい字を見ると目が破れる。: Đọc chữ nhỏ rất có hại cho mắt.,彼女は肉と野菜を細かく切った。: Cô ấy thái nhỏ thịt và rau.
暖かい,その国は年間を通じて暖かい: quốc gia đó nóng quanh năm,気持ち良く暖かい : tình cảm nồng hậu,東京はここより暖かい。おいしいレストランもたくさんあるしね: Tokyo ấm áp hơn ở đây. Có rất nhiều nhà hàng ngon,暖かい手袋 : đôi găng tay ấm áp,今年の冬は暖かい。: Mùa đông năm nay trời ấm,（人）を暖かいまなざしで見る : nhìn vào ai với ánh mắt (thân thiện) ôn hoà,暖かいそよ風: cơn gió lành
温かい,温かい料理: Món ăn nóng,私たちはその国で温かい歓迎を受けた。: Chúng tôi nhận được sự tiếp đón nồng hậu ở nước đó.
柔らかい
軟らかい,軟らかい木材: gỗ mềm
くすぐったい
平たい,平たい鼻の :Mũi tẹt,平たい円盤 :Đĩa dẹt.,平たく言えば :Nói một cách dễ hiểu...,電極反応速度は、平たい電極表面の拡散によって律則される :Tốc độ phản ứng điện cực được khống chế theo sự khuyếch tán bề mặt điện cực phẳng.
煙たい,（人）は煙たい存在である(主語にとって): ai đó sống một cách gò bó (theo cách nghĩ của ai đó)
眠たい
情けない,そんな情けない顔するなよ: đừng có tỏ ra không có sự cảm thông như vậy,情けない声を出す:　Cất tiếng thảm thiết.,目先の利益しか考えないとは情けない奴だ:Thật là một gã ngán ngẩm chỉ biết suy nghĩ lợi ích trước mắt.
切ない
素っ気ない
呆気ない
おっかない,何かおっかないよね: có cái gì đáng sợ ghê!,おっかない顔: khuôn mặt sợ hãi,おっかない声で尋ねる: hỏi bằng giọng sợ hãi
敵わない
物足りない,物足りない心持がする: cảm thấy không thỏa mãn
